{
  "name": "One",
  "children": [
    {
      "name": "Two",
      "children": [
        {
          "name": "ThreeCluster",
          "children": [
            {"name": "FourAgglomerativeCluster", "size": 3938},
            {"name": "FourCommunityStructure", "size": 3812},
            {"name": "FourHierarchicalCluster", "size": 6714},
            {"name": "FourMergeEdge", "size": 743}
          ]
        },
        {
          "name": "ThreeGraph",
          "children": [
            {"name": "FourBetweennessCentrality", "size": 3534},
            {"name": "FourLinkDistance", "size": 5731},
            {"name": "FourMaxFlowMinCut", "size": 7840},
            {"name": "FourShortestPaths", "size": 5914},
            {"name": "FourSpanningTree", "size": 3416}
          ]
        },
        {
          "name": "ThreeOneOptimizer",
          "children": [
            {"name": "FourAspectRatioBanker", "size": 7074}
          ]
        }
      ]
    },
    {
      "name": "TwoAnimate",
      "children": [
        {"name": "ThreeEasing", "size": 17010},
        {"name": "ThreeFunctionSequence", "size": 5842},
        {
          "name": "ThreeInterpolate",
          "children": [
            {"name": "ArrayInterpolator", "size": 1983},
            {"name": "ColorInterpolator", "size": 2047},
            {"name": "DateInterpolator", "size": 1375},
            {"name": "Interpolator", "size": 8746},
            {"name": "MatrixInterpolator", "size": 2202},
            {"name": "NumberInterpolator", "size": 1382},
            {"name": "ObjectInterpolator", "size": 1629},
            {"name": "PointInterpolator", "size": 1675},
            {"name": "RectangleInterpolator", "size": 2042}
          ]
        },
        {"name": "ThreeISchedulable", "size": 1041},
        {"name": "ThreeParallel", "size": 5176},
        {"name": "ThreePause", "size": 449},
        {"name": "ThreeScheduler", "size": 5593},
        {"name": "ThreeSequence", "size": 5534},
        {"name": "ThreeTransition", "size": 9201},
        {"name": "ThreeTransitioner", "size": 19975},
        {"name": "ThreeTransitionEvent", "size": 1116},
        {"name": "ThreeTween", "size": 6006}
      ]
    },
    {
      "name": "Twodata",
      "children": [
        {
          "name": "Threeconverters",
          "children": [
            {"name": "Converters", "size": 721},
            {"name": "DelimitedTextConverter", "size": 4294},
            {"name": "GraphMLConverter", "size": 9800},
            {"name": "IDataConverter", "size": 1314},
            {"name": "JSONConverter", "size": 2220}
          ]
        },
        {"name": "ThreeDataField", "size": 1759},
        {"name": "ThreeDataSchema", "size": 2165},
        {"name": "ThreeDataSet", "size": 586},
        {"name": "ThreeDataSource", "size": 3331},
        {"name": "ThreeDataTable", "size": 772},
        {"name": "ThreeDataUtil", "size": 3322}
      ]
    },
    {
      "name": "Twodisplay",
      "children": [
        {"name": "ThreeDirtySprite", "size": 8833},
        {"name": "ThreeLineSprite", "size": 1732},
        {"name": "ThreeRectSprite", "size": 3623},
        {"name": "ThreeTextSprite", "size": 10066}
      ]
    },
    {
      "name": "Twoflex",
      "children": [
        {"name": "FlareVis", "size": 4116}
      ]
    },
    {
      "name": "Twophysics",
      "children": [
        {"name": "ThreeDragForce", "size": 1082},
        {"name": "ThreeGravityForce", "size": 1336},
        {"name": "ThreeIForce", "size": 319},
        {"name": "ThreeNBodyForce", "size": 10498},
        {"name": "ThreeParticle", "size": 2822},
        {"name": "ThreeSimulation", "size": 9983},
        {"name": "ThreeSpring", "size": 2213},
        {"name": "ThreeSpringForce", "size": 1681}
      ]
    },
    {
      "name": "Twoquery",
      "children": [
        {"name": "ThreeAggregateExpression", "size": 1616},
        {"name": "ThreeAnd", "size": 1027},
        {"name": "ThreeArithmetic", "size": 3891},
        {"name": "ThreeAverage", "size": 891},
        {"name": "ThreeBinaryExpression", "size": 2893},
        {"name": "ThreeComparison", "size": 5103},
        {"name": "ThreeCompositeExpression", "size": 3677},
        {"name": "ThreeCount", "size": 781},
        {"name": "ThreeDateUtil", "size": 4141},
        {"name": "ThreeDistinct", "size": 933},
        {"name": "ThreeExpression", "size": 5130},
        {"name": "ThreeExpressionIterator", "size": 3617},
        {"name": "ThreeFn", "size": 3240},
        {"name": "ThreeIf", "size": 2732},
        {"name": "ThreeIsA", "size": 2039},
        {"name": "ThreeLiteral", "size": 1214},
        {"name": "ThreeMatch", "size": 3748},
        {"name": "ThreeMaximum", "size": 843},
        {
          "name": "Threemethods",
          "children": [
            {"name": "Fouradd", "size": 593},
            {"name": "Fourand", "size": 330},
            {"name": "Fouraverage", "size": 287},
            {"name": "Fourcount", "size": 277},
            {"name": "Fourdistinct", "size": 292},
            {"name": "Fourdiv", "size": 595},
            {"name": "Foureq", "size": 594},
            {"name": "Fourfn", "size": 460},
            {"name": "Fourgt", "size": 603},
            {"name": "Fourgte", "size": 625},
            {"name": "Fouriff", "size": 748},
            {"name": "Fourisa", "size": 461},
            {"name": "Fourlt", "size": 597},
            {"name": "Fourlte", "size": 619},
            {"name": "Fourmax", "size": 283},
            {"name": "Fourmin", "size": 283},
            {"name": "Fourmod", "size": 591},
            {"name": "Fourmul", "size": 603},
            {"name": "Fourneq", "size": 599},
            {"name": "Fournot", "size": 386},
            {"name": "Fouror", "size": 323},
            {"name": "Fourorderby", "size": 307},
            {"name": "Fourrange", "size": 772},
            {"name": "Fourselect", "size": 296},
            {"name": "Fourstddev", "size": 363},
            {"name": "Foursub", "size": 600},
            {"name": "Foursum", "size": 280},
            {"name": "Fourupdate", "size": 307},
            {"name": "Fourvariance", "size": 335},
            {"name": "Fourwhere", "size": 299},
            {"name": "Fourxor", "size": 354},
            {"name": "Four_", "size": 264}
          ]
        },
        {"name": "ThreeMinimum", "size": 843},
        {"name": "ThreeNot", "size": 1554},
        {"name": "ThreeOr", "size": 970},
        {"name": "ThreeQuery", "size": 13896},
        {"name": "ThreeRange", "size": 1594},
        {"name": "ThreeStringUtil", "size": 4130},
        {"name": "ThreeSum", "size": 791},
        {"name": "ThreeVariable", "size": 1124},
        {"name": "ThreeVariance", "size": 1876},
        {"name": "ThreeXor", "size": 1101}
      ]
    },
    {
      "name": "Twoscale",
      "children": [
        {"name": "ThreeIScaleMap", "size": 2105},
        {"name": "ThreeLinearScale", "size": 1316},
        {"name": "ThreeLogScale", "size": 3151},
        {"name": "ThreeOrdinalScale", "size": 3770},
        {"name": "ThreeQuantileScale", "size": 2435},
        {"name": "ThreeQuantitativeScale", "size": 4839},
        {"name": "ThreeRootScale", "size": 1756},
        {"name": "ThreeScale", "size": 4268},
        {"name": "ThreeScaleType", "size": 1821},
        {"name": "ThreeTimeScale", "size": 5833}
      ]
    },
    {
      "name": "Twoutil",
      "children": [
        {"name": "ThreeArrays", "size": 8258},
        {"name": "ThreeColors", "size": 10001},
        {"name": "ThreeDates", "size": 8217},
        {"name": "ThreeDisplays", "size": 12555},
        {"name": "ThreeFilter", "size": 2324},
        {"name": "ThreeGeometry", "size": 10993},
        {
          "name": "Threeheap",
          "children": [
            {"name": "FourFibonacciHeap", "size": 9354},
            {"name": "FourHeapNode", "size": 1233}
          ]
        },
        {"name": "ThreeIEvaluable", "size": 335},
        {"name": "ThreeIPredicate", "size": 383},
        {"name": "ThreeIValueProxy", "size": 874},
        {
          "name": "Threemath",
          "children": [
            {"name": "FourDenseMatrix", "size": 3165},
            {"name": "FourIMatrix", "size": 2815},
            {"name": "FourSparseMatrix", "size": 3366}
          ]
        },
        {"name": "ThreeMaths", "size": 17705},
        {"name": "ThreeOrientation", "size": 1486},
        {
          "name": "Threepalette",
          "children": [
            {"name": "FourColorPalette", "size": 6367},
            {"name": "FourPalette", "size": 1229},
            {"name": "FourShapePalette", "size": 2059},
            {"name": "FourSizePalette", "size": 2291}
          ]
        },
        {"name": "ThreeProperty", "size": 5559},
        {"name": "ThreeShapes", "size": 19118},
        {"name": "ThreeSort", "size": 6887},
        {"name": "ThreeStats", "size": 6557},
        {"name": "ThreeStrings", "size": 22026}
      ]
    },
    {
      "name": "Twovis",
      "children": [
        {
          "name": "Threeaxis",
          "children": [
            {"name": "FourAxes", "size": 1302},
            {"name": "FourAxis", "size": 24593},
            {"name": "FourAxisGridLine", "size": 652},
            {"name": "FourAxisLabel", "size": 636},
            {"name": "FourCartesianAxes", "size": 6703}
          ]
        },
        {
          "name": "Threecontrols",
          "children": [
            {"name": "FourAnchorControl", "size": 2138},
            {"name": "FourClickControl", "size": 3824},
            {"name": "FourControl", "size": 1353},
            {"name": "FourControlList", "size": 4665},
            {"name": "FourDragControl", "size": 2649},
            {"name": "FourExpandControl", "size": 2832},
            {"name": "FourHoverControl", "size": 4896},
            {"name": "FourIControl", "size": 763},
            {"name": "FourPanZoomControl", "size": 5222},
            {"name": "FourSelectionControl", "size": 7862},
            {"name": "FourTooltipControl", "size": 8435}
          ]
        },
        {
          "name": "Threedata",
          "children": [
            {"name": "FourData", "size": 20544},
            {"name": "FourDataList", "size": 19788},
            {"name": "FourDataSprite", "size": 10349},
            {"name": "FourEdgeSprite", "size": 3301},
            {"name": "FourNodeSprite", "size": 19382},
            {
              "name": "Fourrender",
              "children": [
                {"name": "FiveArrowType", "size": 698},
                {"name": "FiveEdgeRenderer", "size": 5569},
                {"name": "FiveIRenderer", "size": 353},
                {"name": "FiveShapeRenderer", "size": 2247}
              ]
            },
            {"name": "FourScaleBinding", "size": 11275},
            {"name": "FourTree", "size": 7147},
            {"name": "FourTreeBuilder", "size": 9930}
          ]
        },
        {
          "name": "Threeevents",
          "children": [
            {"name": "FourDataEvent", "size": 2313},
            {"name": "FourSelectionEvent", "size": 1880},
            {"name": "FourTooltipEvent", "size": 1701},
            {"name": "FourVisualizationEvent", "size": 1117}
          ]
        },
        {
          "name": "Threelegend",
          "children": [
            {"name": "FourLegend", "size": 20859},
            {"name": "FourLegendItem", "size": 4614},
            {"name": "FourLegendRange", "size": 10530}
          ]
        },
        {
          "name": "Threeoperator",
          "children": [
            {
              "name": "Fourdistortion",
              "children": [
                {"name": "FiveBifocalDistortion", "size": 4461},
                {"name": "FiveDistortion", "size": 6314},
                {"name": "FiveFisheyeDistortion", "size": 3444}
              ]
            },
            {
              "name": "Fourencoder",
              "children": [
                {"name": "FiveColorEncoder", "size": 3179},
                {"name": "FiveEncoder", "size": 4060},
                {"name": "FivePropertyEncoder", "size": 4138},
                {"name": "FiveShapeEncoder", "size": 1690},
                {"name": "FiveSizeEncoder", "size": 1830}
              ]
            },
            {
              "name": "Fourfilter",
              "children": [
                {"name": "FiveFisheyeTreeFilter", "size": 5219},
                {"name": "FiveGraphDistanceFilter", "size": 3165},
                {"name": "FiveVisibilityFilter", "size": 3509}
              ]
            },
            {"name": "FourIOperator", "size": 1286},
            {
              "name": "Fourlabel",
              "children": [
                {"name": "FiveLabeler", "size": 9956},
                {"name": "FiveRadialLabeler", "size": 3899},
                {"name": "FiveStackedAreaLabeler", "size": 3202}
              ]
            },
            {
              "name": "Fourlayout",
              "children": [
                {"name": "FiveAxisLayout", "size": 6725},
                {"name": "FiveBundledEdgeRouter", "size": 3727},
                {"name": "FiveCircleLayout", "size": 9317},
                {"name": "FiveCirclePackingLayout", "size": 12003},
                {"name": "FiveDendrogramLayout", "size": 4853},
                {"name": "FiveForceDirectedLayout", "size": 8411},
                {"name": "FiveIcicleTreeLayout", "size": 4864},
                {"name": "FiveIndentedTreeLayout", "size": 3174},
                {"name": "FiveLayout", "size": 7881},
                {"name": "FiveNodeLinkTreeLayout", "size": 12870},
                {"name": "FivePieLayout", "size": 2728},
                {"name": "FiveRadialTreeLayout", "size": 12348},
                {"name": "FiveRandomLayout", "size": 870},
                {"name": "FiveStackedAreaLayout", "size": 9121},
                {"name": "FiveTreeMapLayout", "size": 9191}
              ]
            },
            {"name": "FourOperator", "size": 2490},
            {"name": "FourOperatorList", "size": 5248},
            {"name": "FourOperatorSequence", "size": 4190},
            {"name": "FourOperatorSwitch", "size": 2581},
            {"name": "FourSortOperator", "size": 2023}
          ]
        },
        {"name": "ThreeVisualization", "size": 16540}
      ]
    }
  ]
}